﻿<?xml version="1.0" encoding="UTF-8" ?>
<resources>
    <style name="DefaultTheme" parent="android:Theme.Material.Light">
        <item name="android:textColorPrimary">@color/white</item>	
    </style>
	<style name="LaunchTheme" parent="android:Theme">
		<item name="android:windowNoTitle">true</item>
		<item name="android:windowIsTranslucent">false</item>
		<item name="android:windowIsFloating">false</item>
		<item name="android:backgroundDimEnabled">true</item>
		<item name="android:windowFullscreen">true</item>

		<item name="android:windowBackground">@drawable/LaunchView</item>
    </style>
</resources>